file	wall_async_s	cpu_async_s	wall_sync_s	cpu_sync_s
F01Theorem.lean	0.12	0.13	0.13	0.13
F02Def.lean	0.13	0.14	0.14	0.14
F03Structure.lean	0.13	0.14	0.14	0.14
F04Inductive.lean	0.14	0.16	0.16	0.16
F05Mutual.lean	0.13	0.13	0.12	0.12
F06Structural.lean	0.16	0.19	0.18	0.18
F07WellFounded.lean	0.19	0.24	0.25	0.25
F08PrivateGenerated.lean	0.16	0.18	0.17	0.17
F09InstanceOnly.lean	0.13	0.14	0.14	0.14
F10SimpAttrDecl.lean	0.57	0.56	0.57	0.57
F10SimpAttrUse.lean	0.51	0.51	0.57	0.56
F11ScopedDecl.lean	0.20	0.21	0.20	0.2
F11ScopedUse.lean	0.11	0.11	0.11	0.11
F12Macro.lean	0.56	0.56	0.63	0.63
F13InitDecl.lean	0.50	0.51	0.50	0.5
F13InitUse.lean	0.58	0.58	0.57	0.57
F15Module.lean	0.11	0.11	0.11	0.11
F16MathlibAttrs.lean	0.57	0.6	0.66	0.66
FAsync.lean	0.50	0.5	0.58	0.58
M01	1.55	2.57	2.21	2.24
M02	0.49	0.61	0.55	0.56
M03	0.87	1.82	1.56	1.58
M04	0.33	0.44	0.39	0.4
M05	0.70	0.9	0.85	0.85
M06	0.40	0.43	0.41	0.41
M07	0.23	0.24	0.25	0.25
M08	0.33	0.34	0.34	0.33
M09	0.31	0.31	0.31	0.31
M10	0.28	0.3	0.27	0.27
M11	0.19	0.22	0.20	0.2
M12	0.56	0.61	0.60	0.59
M13	1.49	2.25	1.99	2.02
M14	0.63	1.02	0.85	0.89
M15	1.10	1.63	1.47	1.5
M16	1.02	2.31	1.81	1.83
M17	0.45	0.57	0.54	0.54
M18	0.77	2.38	1.68	1.71
