.deps/mathlib-fork/Mathlib/Order/Basic.lean	Prod.instLE_dd1daede	Prod.instLE_mathlib	1	false
.deps/mathlib-fork/Mathlib/Order/Basic.lean	Prod.instPreorder_72962893	Prod.instPreorder	1	false
.deps/mathlib-fork/Mathlib/Order/Basic.lean	instDenselyOrderedProd_c1d0de57	instDenselyOrderedProd	1	false
.deps/mathlib-fork/Mathlib/Order/Basic.lean	instDenselyOrderedForall_a7b05711	instDenselyOrderedForall	1	false
.deps/mathlib-fork/Mathlib/Order/Basic.lean	instLinearOrderEmpty_54f53e1c	instLinearOrderEmpty	1	false
.deps/mathlib-fork/Mathlib/Order/Basic.lean	instLinearOrderPEmpty_1a838462	instLinearOrderPEmpty	1	false
.deps/mathlib-fork/Mathlib/Order/Basic.lean	PUnit.instDenselyOrdered_9a154672	PUnit.instDenselyOrdered	1	false
.deps/mathlib-fork/Mathlib/Data/Set/Notation.lean	Set.Notation.instCoeHeadElem_a2e35154	Set.Notation.instCoeHeadElem	1	false
.deps/mathlib-fork/Mathlib/Data/Ineq.lean	Mathlib.instDecidableEqIneq_f75bd844	Mathlib.instDecidableEqIneq	1	false
.deps/mathlib-fork/Mathlib/Data/Ineq.lean	Mathlib.instInhabitedIneq_bd7d774d	Mathlib.instInhabitedIneq	2	true
.deps/mathlib-fork/Mathlib/Data/Ineq.lean	Mathlib.instReprIneq_170df55d	Mathlib.instReprIneq	2	true
.deps/mathlib-fork/Mathlib/Data/Ineq.lean	Mathlib.Ineq.instToString_88788f2b	Mathlib.Ineq.instToString	1	false
.deps/mathlib-fork/Mathlib/Data/Ineq.lean	Mathlib.Ineq.instToFormat_b47b2aa8	Mathlib.Ineq.instToFormat	1	false
.deps/mathlib-fork/Mathlib/Algebra/Field/ZMod.lean	ZMod.instFieldOfFactPrime_93775edf	ZMod.instField	1	false
.deps/mathlib-fork/Mathlib/Algebra/Field/ZMod.lean	ZMod.instIsDomain_b449e90f	ZMod.instIsDomain	1	false
.deps/mathlib-fork/Mathlib/Order/Lattice.lean	instDistribLatticeOfLinearOrder_4180fcfa	instDistribLatticeOfLinearOrder	1	false
.deps/mathlib-fork/Mathlib/Order/Lattice.lean	instDistribLatticeNat_13138183	instDistribLatticeNat	1	false
.deps/mathlib-fork/Mathlib/Order/Lattice.lean	instLatticeInt_e7bf64de	instLatticeInt	1	false
.deps/mathlib-fork/Mathlib/Order/Lattice.lean	Pi.instMaxForall_d560181b	Pi.instMaxForall_mathlib	1	false
.deps/mathlib-fork/Mathlib/Order/Lattice.lean	Prod.instMax_5b619f31	Prod.instMax_mathlib	1	false
.deps/mathlib-fork/Mathlib/Order/Lattice.lean	ULift.instSemilatticeSup_f02be170	ULift.instSemilatticeSup	1	false
.deps/mathlib-fork/Mathlib/Order/Lattice.lean	ULift.instLattice_bb0f804f	ULift.instLattice	1	false
.deps/mathlib-fork/Mathlib/Order/Lattice.lean	ULift.instDistribLattice_fc7d9149	ULift.instDistribLattice	1	false
.deps/mathlib-fork/Mathlib/Order/Lattice.lean	ULift.instLinearOrder_a95e74b2	ULift.instLinearOrder	1	false
.deps/mathlib-fork/Mathlib/Data/List/Defs.lean	List.instSDiffOfDecidableEq_a379635b	List.instSDiffOfDecidableEq_mathlib	1	false
.deps/mathlib-fork/Mathlib/SetTheory/Lists.lean	instDecidableEqLists'_44b03654	instDecidableEqLists'	2	true
.deps/mathlib-fork/Mathlib/SetTheory/Lists.lean	Lists'.instInhabited_e94478a3	Lists'.instInhabited	1	false
.deps/mathlib-fork/Mathlib/SetTheory/Lists.lean	Lists'.instHasSubsetTrue_2ae4969a	Lists'.instHasSubsetTrue	1	false
.deps/mathlib-fork/Mathlib/SetTheory/Lists.lean	Lists'.instMembershipLists_a548b5b9	Lists'.instMembershipLists	1	false
.deps/mathlib-fork/Mathlib/SetTheory/Lists.lean	Lists.instInhabited_67a7965b	Lists.instInhabited	1	false
.deps/mathlib-fork/Mathlib/SetTheory/Lists.lean	Lists.instDecidableEq_3ac0ec41	Lists.instDecidableEq	1	false
.deps/mathlib-fork/Mathlib/SetTheory/Lists.lean	Lists.instSizeOf_34608e5a	Lists.instSizeOf	1	false
.deps/mathlib-fork/Mathlib/SetTheory/Lists.lean	Lists.instMembership_e65cdeb7	Lists.instMembership	1	false
.deps/mathlib-fork/Mathlib/SetTheory/Lists.lean	Lists.instDecidableRelEquivOfDecidableEq_eb8fb290	Lists.instDecidableRelEquiv	1	false
.deps/mathlib-fork/Mathlib/SetTheory/Lists.lean	Finsets.instEmptyCollection_52de0e51	Finsets.instEmptyCollection	1	false
.deps/mathlib-fork/Mathlib/SetTheory/Lists.lean	Finsets.instInhabited_e4b5cd69	Finsets.instInhabited	1	false
.deps/mathlib-fork/Mathlib/SetTheory/Lists.lean	Finsets.instDecidableEq_03702d5d	Finsets.instDecidableEq	1	false
.deps/mathlib-fork/Mathlib/Logic/Relation.lean	Relation.instDecidableMapOfExistsAndEq_124e7208	Relation.instDecidableMapOfExistsAndEq	1	false
.deps/mathlib-fork/Mathlib/Logic/Relation.lean	Relation.ReflGen.instRefl_a39360fc	Relation.ReflGen.instRefl	1	false
.deps/mathlib-fork/Mathlib/Logic/Relation.lean	Relation.ReflGen.instIsPreorderOfIsTrans_c3863b54	Relation.ReflGen.instIsPreorderOfIsTrans	1	false
.deps/mathlib-fork/Mathlib/Logic/Relation.lean	Relation.SymmGen.instRefl_07f6e639	Relation.SymmGen.instRefl	1	false
.deps/mathlib-fork/Mathlib/Logic/Relation.lean	Relation.SymmGen.instSymm_76a70285	Relation.SymmGen.instSymm	1	false
.deps/mathlib-fork/Mathlib/Logic/Relation.lean	Relation.TransGen.instIsTrans_468b128d	Relation.TransGen.instIsTrans	1	false
.deps/mathlib-fork/Mathlib/Logic/Relation.lean	Relation.TransGen.instIsPreorderOfRefl_f0e19dea	Relation.TransGen.instIsPreorderOfRefl	1	false
.deps/mathlib-fork/Mathlib/Logic/Relation.lean	Relation.instTransTransGen_624233da	Relation.instTransTransGen_mathlib	1	false
.deps/mathlib-fork/Mathlib/Logic/Relation.lean	Relation.instTransTransGen_0e2330ee	Relation.instTransTransGen_mathlib	1	false
.deps/mathlib-fork/Mathlib/Logic/Relation.lean	Relation.instTransTransGenReflTransGen_c15d0c37	Relation.instTransTransGenReflTransGen	1	false
.deps/mathlib-fork/Mathlib/Logic/Relation.lean	Relation.instTransReflTransGenTransGen_2a7ffcd4	Relation.instTransReflTransGenTransGen	1	false
.deps/mathlib-fork/Mathlib/Logic/Relation.lean	Relation.instTransReflTransGen_30b373a1	Relation.instTransReflTransGen	1	false
.deps/mathlib-fork/Mathlib/Logic/Relation.lean	Relation.instTransReflTransGen_4591e61e	Relation.instTransReflTransGen	1	false
.deps/mathlib-fork/Mathlib/Logic/Relation.lean	Relation.instIsPreorderReflTransGen_91b465ea	Relation.instIsPreorderReflTransGen	1	false
.deps/mathlib-fork/Mathlib/Logic/Relation.lean	Relation.EqvGen.instIsEquiv_52c37c41	Relation.EqvGen.instIsEquiv	1	false
.deps/mathlib-fork/Mathlib/Logic/Function/Basic.lean	Function.instReflOnFun_3435b40a	Function.instReflOnFun	1	false
.deps/mathlib-fork/Mathlib/Logic/Function/Basic.lean	Function.instIrreflOnFun_3fddaba4	Function.instIrreflOnFun	1	false
.deps/mathlib-fork/Mathlib/Logic/Function/Basic.lean	Function.instSymmOnFun_a0a86592	Function.instSymmOnFun	1	false
.deps/mathlib-fork/Mathlib/Logic/Function/Basic.lean	Function.instAsymmOnFun_8761eefc	Function.instAsymmOnFun	1	false
.deps/mathlib-fork/Mathlib/Logic/Function/Basic.lean	Function.instIsTransOnFun_ed7278b5	Function.instIsTransOnFun	1	false
.deps/mathlib-fork/Mathlib/Logic/Function/Basic.lean	Function.instTotalOnFun_57da72fe	Function.instTotalOnFun	1	false
.deps/mathlib-fork/Mathlib/Logic/Function/Basic.lean	Function.instIsEquivOnFun_bcfd3af8	Function.instIsEquivOnFun	1	false
.deps/mathlib-fork/Mathlib/Logic/Function/Basic.lean	Function.instIsPreorderOnFun_7a7a249d	Function.instIsPreorderOnFun	1	false
.deps/mathlib-fork/Mathlib/Logic/Function/Basic.lean	Function.instIsStrictOrderOnFun_68b51947	Function.instIsStrictOrderOnFun	1	false
.deps/mathlib-fork/Mathlib/Logic/Function/Basic.lean	Function.instIsStrictWeakOrderOnFun_e31f8867	Function.instIsStrictWeakOrderOnFun	1	false
.deps/mathlib-fork/Mathlib/Logic/Function/Basic.lean	Function.instReflSwapProp_8769fe19	Function.instReflSwapProp	1	false
.deps/mathlib-fork/Mathlib/Logic/Function/Basic.lean	Function.instIrreflSwapProp_b40f2612	Function.instIrreflSwapProp	1	false
.deps/mathlib-fork/Mathlib/Logic/Function/Basic.lean	Function.instSymmSwapProp_ffb22a16	Function.instSymmSwapProp	1	false
.deps/mathlib-fork/Mathlib/Logic/Function/Basic.lean	Function.instAntisymmSwapProp_a0d2b5db	Function.instAntisymmSwapProp	1	false
.deps/mathlib-fork/Mathlib/Logic/Function/Basic.lean	Function.instAsymmSwapProp_dbf4d10a	Function.instAsymmSwapProp	1	false
.deps/mathlib-fork/Mathlib/Logic/Function/Basic.lean	Function.instIsTransSwapProp_062d02b7	Function.instIsTransSwapProp	1	false
.deps/mathlib-fork/Mathlib/Logic/Function/Basic.lean	Function.instTotalSwapProp_6445e22a	Function.instTotalSwapProp	1	false
.deps/mathlib-fork/Mathlib/Logic/Function/Basic.lean	Function.instTrichotomousSwapProp_f4af8198	Function.instTrichotomousSwapProp	1	false
.deps/mathlib-fork/Mathlib/Logic/Function/Basic.lean	Function.instIsEquivSwapProp_1cf280af	Function.instIsEquivSwapProp	1	false
.deps/mathlib-fork/Mathlib/Logic/Function/Basic.lean	Function.instIsPreorderSwapProp_1e13b504	Function.instIsPreorderSwapProp	1	false
.deps/mathlib-fork/Mathlib/Logic/Function/Basic.lean	Function.instIsPartialOrderSwapProp_fc0aebfd	Function.instIsPartialOrderSwapProp	1	false
.deps/mathlib-fork/Mathlib/Logic/Function/Basic.lean	Function.instIsLinearOrderSwapProp_ecc3f015	Function.instIsLinearOrderSwapProp	1	false
.deps/mathlib-fork/Mathlib/Logic/Function/Basic.lean	Function.instIsStrictOrderSwapProp_862ba762	Function.instIsStrictOrderSwapProp	1	false
.deps/mathlib-fork/Mathlib/Logic/Function/Basic.lean	Function.instIsStrictWeakOrderSwapProp_e87fac05	Function.instIsStrictWeakOrderSwapProp	1	false
.deps/mathlib-fork/Mathlib/Logic/Function/Basic.lean	Function.instIsStrictTotalOrderSwapProp_25922d0d	Function.instIsStrictTotalOrderSwapProp	1	false
.deps/mathlib-fork/Mathlib/Logic/Function/Basic.lean	instDecidableUncurryOfFstSnd_6e505f44	instDecidableUncurryOfFstSnd_mathlib	1	false
.deps/mathlib-fork/Mathlib/Logic/Function/Basic.lean	instDecidableCurryOfMk_4eb08500	instDecidableCurryOfMk_mathlib	1	false
corpus/fixtures/Fixtures/F03Structure.lean	F03.instReprPoint_42dac69a	F03.instReprPoint	2	true
corpus/fixtures/Fixtures/F04Inductive.lean	F04.instDecidableEqColor_e75e5bb1	F04.instDecidableEqColor	1	false
corpus/fixtures/Fixtures/F08PrivateGenerated.lean	F08.instFooNat_7d9f17e6	F08.instFooNat	1	false
corpus/fixtures/Fixtures/F08PrivateGenerated.lean	F08.instDecidableEqShape_c606f7d0	F08.instDecidableEqShape	2	true
corpus/fixtures/Fixtures/F08PrivateGenerated.lean	F08.instReprShape_d7d69520	F08.instReprShape	2	true
corpus/fixtures/Fixtures/F08PrivateGenerated.lean	F08.instInhabitedShape_858082b0	F08.instInhabitedShape	2	true
corpus/fixtures/Fixtures/F08PrivateGenerated.lean	F08.instBEqShape_0d7e5a6b	F08.instBEqShape	2	true
corpus/fixtures/Fixtures/F08PrivateGenerated.lean	F08.instHashableShape_3a406c8a	F08.instHashableShape	2	true
corpus/fixtures/Fixtures/F09InstanceOnly.lean	F09.instInhabitedBoxNat_d6fa3af1	F09.instInhabitedBoxNat	1	false
corpus/fixtures/Fixtures/F09InstanceOnly.lean	F09.instReprBox_bc24069d	F09.instReprBox	2	true
corpus/fixtures/Fixtures/F11ScopedDecl.lean	F11.instPointedNat_03ba9c07	F11.instPointedNat	1	false
